[
  {
    "relation": ["delegate_permission/common.handle_all_urls"],
    "target": {
      "namespace": "android_app",
      "package_name": "com.enoviiMax",
      "sha256_cert_fingerprints": [
        "0C:39:28:CC:BA:F4:84:CC:45:D1:A4:9C:13:2F:03:FD:BB:9F:AB:28:D6:8F:FF:87:6B:C2:8A:0B:12:0C:B2:83"
      ]
    }
  },
  {
    "relation": ["delegate_permission/common.handle_all_urls"],
    "target": {
      "namespace": "android_app",
      "package_name": "com.enoviiMax",
      "sha256_cert_fingerprints": [
        "FA:C6:17:45:DC:09:03:78:6F:B9:ED:E6:2A:96:2B:39:9F:73:48:F0:BB:6F:89:9B:83:32:66:75:91:03:3B:9C"
      ]
    }
  }
]
